<?xml version="1.0" encoding="utf-8" ?>
<dwsync>
<file name="facebook.php" server="114.111.156.132/public_html/development/" local="129894850280000000" remote="130289403600000000" Dst="0" />
<file name="base_facebook.php" server="114.111.156.132/public_html/development/" local="129889258540000000" remote="130289403600000000" Dst="0" />
<file name="fb_ca_chain_bundle.crt" server="114.111.156.132/public_html/development/" local="129889259180000000" remote="130289403600000000" Dst="0" />
<file name="facebook.php" server="ftp.hybrid-sites.com" local="129894850280000000" remote="130405820400000000" Dst="0" />
<file name="base_facebook.php" server="ftp.hybrid-sites.com" local="129889258540000000" remote="130405820400000000" Dst="0" />
<file name="fb_ca_chain_bundle.crt" server="ftp.hybrid-sites.com" local="129889259180000000" remote="130405820400000000" Dst="0" />
<file name="base_facebook.php" server="ftp.hybrid-sites.com/test/" local="129889258540000000" remote="130438412400000000" Dst="0" />
<file name="facebook.php" server="ftp.hybrid-sites.com/test/" local="129894850280000000" remote="130438412400000000" Dst="0" />
<file name="fb_ca_chain_bundle.crt" server="ftp.hybrid-sites.com/test/" local="129889259180000000" remote="130438412400000000" Dst="0" />
<file name="facebook.php" server="ftp.instorelook.com.au//public_html/development/" local="130567070676669206" remote="130700316600000000" Dst="0" />
<file name="base_facebook.php" server="ftp.instorelook.com.au//public_html/development/" local="130567070676659205" remote="130700316600000000" Dst="0" />
<file name="fb_ca_chain_bundle.crt" server="ftp.instorelook.com.au//public_html/development/" local="130567070676719208" remote="130700316600000000" Dst="0" />
</dwsync>