<?xml version="1.0" encoding="utf-8" ?>
<dwsync>
<file name="site.php" server="148.251.2.43/public_html/clothes/" local="130538215867917259" remote="130538225400000000" Dst="0" />
<file name="cart.php" server="148.251.2.43/public_html/clothes/" local="130519823418617092" remote="130520893800000000" Dst="0" />
<file name="account.php" server="148.251.2.43/public_html/clothes/" local="130520571059183580" remote="130520575200000000" Dst="0" />
<file name="checkout.php" server="148.251.2.43/public_html/clothes/" local="130520442061015307" remote="130520575800000000" Dst="0" />
<file name="site.php" server="autospares.co.ke/public_html/development/" local="130823061904866188" remote="130823070000000000" Dst="0" />
<file name="sell.php" server="autospares.co.ke/public_html/development/" local="130824863372250704" remote="130824864000000000" Dst="0" />
<file name="test_mail.php" server="autospares.co.ke/public_html/" local="130948117143493285" remote="130948116600000000" Dst="0" />
<file name="test_mail.php" server="autospares.co.ke/public_html/development/" local="130948120710962530" remote="130948120200000000" Dst="0" />
</dwsync>